employeeId,surveyId,username
68dcb17dbd30eee5c1135877,68ddac154070e4969fffa947,admin@softmind.com
68dcb1a7bd30eee5c1135879,68ddac154070e4969fffa947,maria.silva@empresa.com.br
68dda1d136c26ce91989b8bf,68ddac154070e4969fffa947,edilberto@empresa.com.br
68df37780e4d4f5752380e9f,68ddac154070e4969fffa947,employee_62f2e0c4-bb62-44d0-ae58-b3f06a933859@empresa.com.br
68df37790e4d4f5752380ea1,68ddac154070e4969fffa947,employee_d0c3d950-0e7f-4034-b733-57787c1050c1@empresa.com.br
68df377a0e4d4f5752380ea3,68ddac154070e4969fffa947,employee_5b0b3961-7816-4793-a5f7-79c831df4c79@empresa.com.br
68df37a20e4d4f5752380ea5,68ddac154070e4969fffa947,employee_08c75181-aa2d-4c0b-928c-317ae4d248d2@empresa.com.br
68df37a20e4d4f5752380ea7,68ddac154070e4969fffa947,employee_912f07ec-0e84-4cf8-9132-b7dcf07bd7ee@empresa.com.br
68df37a30e4d4f5752380ea9,68ddac154070e4969fffa947,employee_9bba7adb-37c4-4e4f-bdba-9d70968cd315@empresa.com.br
68df37a30e4d4f5752380eab,68ddac154070e4969fffa947,employee_5ae58618-4abf-4f07-9821-d509971b601c@empresa.com.br
68df37a30e4d4f5752380ead,68ddac154070e4969fffa947,employee_225bf72f-da59-4bdb-8a35-90478588fc54@empresa.com.br
68df37a40e4d4f5752380eaf,68ddac154070e4969fffa947,employee_25fd061d-cb76-4438-a9b4-10b59ea151d8@empresa.com.br
68df37a40e4d4f5752380eb1,68ddac154070e4969fffa947,employee_9fbfc3a4-f55b-438e-ad86-a5c35d8caa9f@empresa.com.br
68df37a40e4d4f5752380eb3,68ddac154070e4969fffa947,employee_7b031ccc-9a27-48ad-8447-695fde133ed9@empresa.com.br
68df37a40e4d4f5752380eb5,68ddac154070e4969fffa947,employee_10f16d01-a85d-40fe-b1da-50de2f9f80b4@empresa.com.br
68df37a50e4d4f5752380eb7,68ddac154070e4969fffa947,employee_00bbec16-0583-4489-9a7e-1e13a1c65023@empresa.com.br
68df37a50e4d4f5752380eb9,68ddac154070e4969fffa947,employee_bfa1630b-6185-4b03-bf4c-6c35481df22d@empresa.com.br
68df37a60e4d4f5752380ebb,68ddac154070e4969fffa947,employee_a86cc626-6721-495c-b5fc-3e0de1cac30f@empresa.com.br
68df37a60e4d4f5752380ebd,68ddac154070e4969fffa947,employee_98d9bf4d-8fcb-4e70-8460-51dfb2f68ae9@empresa.com.br
68df37a60e4d4f5752380ebf,68ddac154070e4969fffa947,employee_59095795-34d5-4052-af48-ec6583f1a715@empresa.com.br
68df37a70e4d4f5752380ec1,68ddac154070e4969fffa947,employee_74d0b5d5-e187-4f53-95bf-aab0c4289a35@empresa.com.br
68df37a70e4d4f5752380ec3,68ddac154070e4969fffa947,employee_4afef5da-3130-4076-aea4-3f5aa097de9c@empresa.com.br
68df37a70e4d4f5752380ec5,68ddac154070e4969fffa947,employee_89dfba42-e9df-419a-8d7b-24f687ecfb36@empresa.com.br
68df37a80e4d4f5752380ec7,68ddac154070e4969fffa947,employee_284ec868-bb45-4e90-a7cc-21cde8c8fe41@empresa.com.br
68df37a80e4d4f5752380ec9,68ddac154070e4969fffa947,employee_74d339c5-20f4-480b-944a-2644bb7e1346@empresa.com.br
68df37a80e4d4f5752380ecb,68ddac154070e4969fffa947,employee_9ea3612f-707c-4c4e-b576-33f6d889d698@empresa.com.br
68df37a90e4d4f5752380ecd,68ddac154070e4969fffa947,employee_6c86bfce-acc7-4f42-a141-cabcca31a356@empresa.com.br
68df37a90e4d4f5752380ecf,68ddac154070e4969fffa947,employee_32a34d53-9639-45a6-8c5f-e4562957707a@empresa.com.br
68df37a90e4d4f5752380ed1,68ddac154070e4969fffa947,employee_97577410-1f3b-4be5-844a-075b8954f65a@empresa.com.br
68df37aa0e4d4f5752380ed3,68ddac154070e4969fffa947,employee_33bd840f-fc59-410b-afe5-321b07b93b6e@empresa.com.br
68df37aa0e4d4f5752380ed5,68ddac154070e4969fffa947,employee_f00b45dc-ca4f-4a0a-808e-9444319cbdd1@empresa.com.br
68df37aa0e4d4f5752380ed7,68ddac154070e4969fffa947,employee_15bdf82a-48b9-4426-81a7-d833ae373695@empresa.com.br
68df37ab0e4d4f5752380ed9,68ddac154070e4969fffa947,employee_21bb4cbd-5adc-43b3-a9d4-bf829730e793@empresa.com.br
68df37ab0e4d4f5752380edb,68ddac154070e4969fffa947,employee_603548b6-8027-48db-965c-96e7e71f1e5a@empresa.com.br
68df37ab0e4d4f5752380edd,68ddac154070e4969fffa947,employee_ee01745f-7049-4991-9f9d-60048a9965cc@empresa.com.br
68df37ac0e4d4f5752380edf,68ddac154070e4969fffa947,employee_457f1c2e-ad6d-40b0-9527-35c85f23a460@empresa.com.br
68df37ac0e4d4f5752380ee1,68ddac154070e4969fffa947,employee_5a225df2-f036-4ec4-aa37-4b1056600166@empresa.com.br
68df37ac0e4d4f5752380ee3,68ddac154070e4969fffa947,employee_8996bd90-ebae-4f52-9d37-472ffc004a39@empresa.com.br
68df37ad0e4d4f5752380ee5,68ddac154070e4969fffa947,employee_b8c8fceb-3155-4579-a4a2-21f2fbe69d12@empresa.com.br
68df37ad0e4d4f5752380ee7,68ddac154070e4969fffa947,employee_7c7b55d9-2a8f-4fb9-892b-f60c4fbf76b0@empresa.com.br
68df37ad0e4d4f5752380ee9,68ddac154070e4969fffa947,employee_3b0db246-73ac-4a2c-a72f-02292e74341a@empresa.com.br
68df37ae0e4d4f5752380eeb,68ddac154070e4969fffa947,employee_44db1507-7eec-4e6b-9204-8d99afe41d86@empresa.com.br
68df37ae0e4d4f5752380eed,68ddac154070e4969fffa947,employee_760cfadf-eb36-4392-9399-07705bc0d191@empresa.com.br
68df37ae0e4d4f5752380eef,68ddac154070e4969fffa947,employee_c83bf953-db40-4fab-95ee-bcc2ac78fe18@empresa.com.br
68df37ae0e4d4f5752380ef1,68ddac154070e4969fffa947,employee_0819b6b5-c8c1-4f3e-bd2d-584ca4c90cf8@empresa.com.br
68df37af0e4d4f5752380ef3,68ddac154070e4969fffa947,employee_8261c756-729f-4f18-a026-15cdfbf8c3f0@empresa.com.br
68df37af0e4d4f5752380ef5,68ddac154070e4969fffa947,employee_6b6f5e6b-2303-42e5-ad2a-6563a35eb63e@empresa.com.br
68df37b00e4d4f5752380ef7,68ddac154070e4969fffa947,employee_98a709d3-5355-4033-8c68-c3df34a94e16@empresa.com.br
68df37b00e4d4f5752380ef9,68ddac154070e4969fffa947,employee_8342c077-41c1-41a2-854a-28a0989e84d2@empresa.com.br
68df37b00e4d4f5752380efb,68ddac154070e4969fffa947,employee_65484afd-b5b7-4b95-8210-c3e756c51c4b@empresa.com.br
68df37b00e4d4f5752380efd,68ddac154070e4969fffa947,employee_369fc6d5-c14d-4481-a060-ca9f194aec3b@empresa.com.br
68df37b10e4d4f5752380eff,68ddac154070e4969fffa947,employee_6ce3a0cc-9c3d-407e-a901-9b8b702c7657@empresa.com.br
68df37b10e4d4f5752380f01,68ddac154070e4969fffa947,employee_c0cc6876-821b-456c-9d1b-fbf312ac916d@empresa.com.br
68df37b20e4d4f5752380f03,68ddac154070e4969fffa947,employee_701cbbe7-0bac-499c-971f-3494b5c86840@empresa.com.br
68df37b20e4d4f5752380f05,68ddac154070e4969fffa947,employee_13ff3131-142d-4d8f-b1e6-bd24203d1d2e@empresa.com.br
68df37b20e4d4f5752380f07,68ddac154070e4969fffa947,employee_79e68ab7-b366-4b00-9a53-365f23a2121f@empresa.com.br
68df37b20e4d4f5752380f09,68ddac154070e4969fffa947,employee_b2b0ee5c-3a22-44ba-af4a-df2ecb0da527@empresa.com.br
68df37b30e4d4f5752380f0b,68ddac154070e4969fffa947,employee_a96fb826-33e3-465c-b64d-2551b703fbc2@empresa.com.br
68df37b30e4d4f5752380f0d,68ddac154070e4969fffa947,employee_2a708595-909e-4162-b8b0-1bccfabb4f07@empresa.com.br
68df37b40e4d4f5752380f0f,68ddac154070e4969fffa947,employee_d1cc8667-4da9-49b2-a1c2-4d7f7a063af1@empresa.com.br
68df37b40e4d4f5752380f11,68ddac154070e4969fffa947,employee_43f18dcd-2051-4962-b49f-74610cdd0543@empresa.com.br
68df37b40e4d4f5752380f13,68ddac154070e4969fffa947,employee_6225178f-47b8-450f-8d25-75b17a633d50@empresa.com.br
68df37b50e4d4f5752380f15,68ddac154070e4969fffa947,employee_6998fcb7-ef59-4b1c-adfd-364d09161749@empresa.com.br
68df37b50e4d4f5752380f17,68ddac154070e4969fffa947,employee_1e42501c-04ec-4a95-98f6-c46dd672cbee@empresa.com.br
68df37b50e4d4f5752380f19,68ddac154070e4969fffa947,employee_e0e1931c-bad3-495c-ac4f-fd2b8b0e842c@empresa.com.br
68df37b50e4d4f5752380f1b,68ddac154070e4969fffa947,employee_fbda1d57-457c-4faa-a7aa-cb789e14da5a@empresa.com.br
68df37b60e4d4f5752380f1d,68ddac154070e4969fffa947,employee_506c9334-ac8a-4ff4-bab1-2e1bb2bfc515@empresa.com.br
68df37b60e4d4f5752380f1f,68ddac154070e4969fffa947,employee_b523b168-1dc8-4fda-827b-748a4ebe2f94@empresa.com.br
68df37b60e4d4f5752380f21,68ddac154070e4969fffa947,employee_c6d97a57-48e8-46eb-86c5-446234e784d4@empresa.com.br
68df37b70e4d4f5752380f23,68ddac154070e4969fffa947,employee_69be65e3-85c7-4fc1-a8d7-b39fe33c3917@empresa.com.br
68df37b70e4d4f5752380f25,68ddac154070e4969fffa947,employee_01c8d7a8-cf5c-4e5c-9015-25d73bc43a13@empresa.com.br
68df37b70e4d4f5752380f27,68ddac154070e4969fffa947,employee_1379ffa5-fac5-4617-be2d-5da71f4cc218@empresa.com.br
68df37b80e4d4f5752380f29,68ddac154070e4969fffa947,employee_f4d6d327-ae4d-43a6-9d05-7c9713ce7549@empresa.com.br
68df37b80e4d4f5752380f2b,68ddac154070e4969fffa947,employee_82cc0dfb-0ae6-4adb-9c32-91c356275814@empresa.com.br
68df37b80e4d4f5752380f2d,68ddac154070e4969fffa947,employee_6191a2e8-8bee-490a-ab8a-4dca1e3af727@empresa.com.br
68df37b90e4d4f5752380f2f,68ddac154070e4969fffa947,employee_fe08bd54-23c8-42fb-8d99-a703b4509278@empresa.com.br
68df37b90e4d4f5752380f31,68ddac154070e4969fffa947,employee_c1f67d47-be88-45e8-bd33-ca814ea8f479@empresa.com.br
68df37b90e4d4f5752380f33,68ddac154070e4969fffa947,employee_f43d3d63-bd70-45d1-a0a9-879dc1bba818@empresa.com.br
68df37ba0e4d4f5752380f35,68ddac154070e4969fffa947,employee_52a3a54f-9dce-459f-a5b3-b1060f24fe77@empresa.com.br
68df37ba0e4d4f5752380f37,68ddac154070e4969fffa947,employee_efad39af-56bd-4e3b-ae7b-6035002aa79a@empresa.com.br
68df37ba0e4d4f5752380f39,68ddac154070e4969fffa947,employee_52a63cd9-30b2-49c4-ac4b-276df1aefd89@empresa.com.br
68df37ba0e4d4f5752380f3b,68ddac154070e4969fffa947,employee_79231300-2c8c-4b27-882f-a06fb39b0750@empresa.com.br
68df37bb0e4d4f5752380f3d,68ddac154070e4969fffa947,employee_6e0ba560-1e94-40a8-90a6-1b1ed7941217@empresa.com.br
68df37bb0e4d4f5752380f3f,68ddac154070e4969fffa947,employee_f0b97e8b-d7e3-41a5-8935-f0ded642c826@empresa.com.br
68df37bb0e4d4f5752380f41,68ddac154070e4969fffa947,employee_8c8d7a2b-a938-42e4-8639-24e097c8e09b@empresa.com.br
68df37bb0e4d4f5752380f43,68ddac154070e4969fffa947,employee_7999cc0a-badb-465a-bfe1-ec4785342623@empresa.com.br
68df37bc0e4d4f5752380f45,68ddac154070e4969fffa947,employee_f661bcc7-29d1-4c26-9dad-dad9ee1ec876@empresa.com.br
68df37bc0e4d4f5752380f47,68ddac154070e4969fffa947,employee_a9d867f6-a225-415b-8634-7525863bae0a@empresa.com.br
68df37bc0e4d4f5752380f49,68ddac154070e4969fffa947,employee_8948a9fc-0265-4d2f-9377-bc179c7cd0c6@empresa.com.br
68df37bc0e4d4f5752380f4b,68ddac154070e4969fffa947,employee_e656b895-0f60-4d11-ae95-5d06d311a4ea@empresa.com.br
68df37bd0e4d4f5752380f4d,68ddac154070e4969fffa947,employee_0f918dcf-4015-4bef-9cd3-e6f6067a2926@empresa.com.br
68df37bd0e4d4f5752380f4f,68ddac154070e4969fffa947,employee_610ebc87-c865-4eb3-9152-22e1227256b2@empresa.com.br
68df37bd0e4d4f5752380f51,68ddac154070e4969fffa947,employee_ab672396-f46e-44f9-afdd-884ce84ddaf4@empresa.com.br
68df37bd0e4d4f5752380f53,68ddac154070e4969fffa947,employee_eb1ea948-b4f0-4439-b0a4-901b8804391f@empresa.com.br
68df37bd0e4d4f5752380f55,68ddac154070e4969fffa947,employee_33f3166e-b7c9-475c-b279-484369d5d13b@empresa.com.br
68df37be0e4d4f5752380f57,68ddac154070e4969fffa947,employee_b50cd07f-2942-4c5a-8354-e39023c0f502@empresa.com.br
68df37be0e4d4f5752380f59,68ddac154070e4969fffa947,employee_6692e33c-8944-4508-b146-17e923ac1c9c@empresa.com.br
68df37be0e4d4f5752380f5b,68ddac154070e4969fffa947,employee_6d968473-48d5-4dae-9379-dda04e472aea@empresa.com.br
68df37be0e4d4f5752380f5d,68ddac154070e4969fffa947,employee_639b5f45-c9bb-4546-a8b5-47dd536f4dcf@empresa.com.br
68df37be0e4d4f5752380f5f,68ddac154070e4969fffa947,employee_0c9d6d8f-d298-40dc-be16-b550d9fdefec@empresa.com.br
68df37bf0e4d4f5752380f61,68ddac154070e4969fffa947,employee_369078cf-c7c4-48b6-b253-18cbe6007ad8@empresa.com.br
68df37bf0e4d4f5752380f63,68ddac154070e4969fffa947,employee_7f06a17b-6619-47fe-8c13-5da1aaf68ba9@empresa.com.br
68df37bf0e4d4f5752380f65,68ddac154070e4969fffa947,employee_f0c5b524-77e0-4d26-b818-0cc04b434346@empresa.com.br
68df37bf0e4d4f5752380f67,68ddac154070e4969fffa947,employee_a7311396-d362-4722-b854-f2d73619156b@empresa.com.br
